,key1,key2,similarity
0,Broccoli (feat. Lil Yachty),Caroline,1181.3843421936035
1,HUMBLE.,Congratulations,1138.4380435943604
2,HUMBLE.,DNA.,1125.4633388519287
3,XO TOUR Llif3,Congratulations,1068.4321975708008
4,HUMBLE.,Mask Off,1007.4390602111816
5,HUMBLE.,XO TOUR Llif3,987.3068161010742
6,Bad and Boujee (feat. Lil Uzi Vert),Bounce Back,959.6025924682616
7,One Dance,Too Good,948.3710289001464
8,HUMBLE.,Tunnel Vision,924.9315242767334
9,HUMBLE.,Slippery (feat. Gucci Mane),883.1364250183105
10,XO TOUR Llif3,Mask Off,882.4561386108398
11,Mask Off,Bad and Boujee (feat. Lil Uzi Vert),875.0549745559692
12,Congratulations,Bad and Boujee (feat. Lil Uzi Vert),862.9875183105469
13,Fake Love,Bounce Back,860.6706190109253
14,Mask Off,Congratulations,841.781042098999
15,iSpy (feat. Lil Yachty),Bounce Back,837.1908187866211
16,HUMBLE.,iSpy (feat. Lil Yachty),834.2108097076416
17,XO TOUR Llif3,Bad and Boujee (feat. Lil Uzi Vert),824.5848655700684
18,Congratulations,Tunnel Vision,823.3652801513672
19,XO TOUR Llif3,Tunnel Vision,822.690390586853
20,Congratulations,Bounce Back,821.7726173400879
21,Fake Love,Caroline,821.2538108825684
22,Mask Off,iSpy (feat. Lil Yachty),821.1714191436768
23,Congratulations,T-Shirt,819.7309255599976
24,XO TOUR Llif3,iSpy (feat. Lil Yachty),817.8100261688232
25,Closer,Cold Water (feat. Justin Bieber & MØ),815.6470708847046
26,XO TOUR Llif3,goosebumps,811.6317596435547
27,Slippery (feat. Gucci Mane),T-Shirt,809.3289375305176
28,HUMBLE.,Broccoli (feat. Lil Yachty),802.3322296142578
29,HUMBLE.,goosebumps,798.2875366210938
30,Mask Off,goosebumps,783.008243560791
31,XO TOUR Llif3,Bounce Back,770.1826839447021
32,Mask Off,Tunnel Vision,767.6547203063965
33,Don't Let Me Down,Closer,754.0419769287109
34,Congratulations,Slippery (feat. Gucci Mane),752.9776096343994
35,XO TOUR Llif3,Magnolia,751.5921173095703
36,Caroline,Bad and Boujee (feat. Lil Uzi Vert),749.1159286499023
37,Bad and Boujee (feat. Lil Uzi Vert),X (feat. Future),738.4723405838013
38,Jumpman,Panda,732.5620174407959
39,Congratulations,iSpy (feat. Lil Yachty),727.8037261962891
40,Black Beatles,Caroline,726.7597141265869
41,iSpy (feat. Lil Yachty),Bad and Boujee (feat. Lil Uzi Vert),724.5900402069092
42,Fake Love,iSpy (feat. Lil Yachty),717.2115325927734
43,HUMBLE.,I'm the One,716.1664066314697
44,Mask Off,DNA.,711.0219812393188
45,XO TOUR Llif3,DNA.,708.1114873886108
46,The Hills,Can't Feel My Face,705.6005334854126
47,Broccoli (feat. Lil Yachty),Chill Bill,704.7607612609863
48,Congratulations,Swang,699.9866752624512
49,HUMBLE.,Bank Account,699.6959743499756
50,Slippery (feat. Gucci Mane),Bounce Back,692.918586730957
51,I'm the One,Despacito - Remix,686.0957889556885
52,Congratulations,rockstar,685.8771743774414
53,Broccoli (feat. Lil Yachty),Black Beatles,682.9166507720947
54,Fake Love,Bad and Boujee (feat. Lil Uzi Vert),677.1925888061523
55,You Was Right,Money Longer,676.5297546386719
56,Congratulations,Drowning (feat. Kodak Black),671.7961578369141
57,XO TOUR Llif3,Bank Account,667.3762464523315
58,Mask Off,Bounce Back,663.9761581420898
59,XO TOUR Llif3,Slippery (feat. Gucci Mane),663.0638580322266
60,DNA.,Congratulations,661.6872539520264
61,Slippery (feat. Gucci Mane),Bad and Boujee (feat. Lil Uzi Vert),655.5102787017822
62,Chill Bill,Caroline,654.260687828064
63,Mask Off,Slippery (feat. Gucci Mane),653.006534576416
64,One Dance,Work,652.1647796630859
65,HUMBLE.,Bad and Boujee (feat. Lil Uzi Vert),651.771312713623
66,HUMBLE.,T-Shirt,651.5467100143433
67,Broccoli (feat. Lil Yachty),iSpy (feat. Lil Yachty),649.6003818511963
68,goosebumps,DNA.,649.0247936248779
69,HUMBLE.,Bounce Back,647.6282501220703
70,What Do You Mean?,Sorry,643.9289569854736
71,Caroline,Bounce Back,642.8512115478516
72,XO TOUR Llif3,Swang,642.0839948654175
73,Broccoli (feat. Lil Yachty),Bad and Boujee (feat. Lil Uzi Vert),641.8820476531982
74,Caroline,iSpy (feat. Lil Yachty),637.513017654419
75,I'm the One,Congratulations,637.2326354980469
76,XO TOUR Llif3,Broccoli (feat. Lil Yachty),635.7519340515137
77,XO TOUR Llif3,I'm the One,631.9145584106445
78,No Problem (feat. Lil Wayne & 2 Chainz),Caroline,629.7787818908691
79,I'm the One,iSpy (feat. Lil Yachty),629.5374126434326
80,XO TOUR Llif3,rockstar,629.1415977478027
81,HUMBLE.,Caroline,627.2342529296875
82,No Problem (feat. Lil Wayne & 2 Chainz),Broccoli (feat. Lil Yachty),624.832124710083
83,Trap Queen,679 (feat. Remy Boyz),622.1651916503906
84,One Dance,Don't Let Me Down,622.036600112915
85,HUMBLE.,Redbone,621.7966079711914
86,HUMBLE.,Location,618.1837768554688
87,goosebumps,T-Shirt,613.9972486495972
88,One Dance,Pop Style,613.7876129150391
89,Fake Love,Congratulations,612.1764678955078
90,HUMBLE.,Drowning (feat. Kodak Black),611.8334341049194
91,Bad and Boujee (feat. Lil Uzi Vert),Swang,608.5848484039307
92,rockstar,Bank Account,607.1197471618652
93,Mask Off,T-Shirt,606.7025604248047
94,DNA.,iSpy (feat. Lil Yachty),605.407751083374
95,Broccoli (feat. Lil Yachty),Panda,603.807014465332
96,Mask Off,Caroline,601.9186687469482
97,XO TOUR Llif3,Butterfly Effect,601.2405366897583
98,Fake Love,Black Beatles,600.7443237304688
99,iSpy (feat. Lil Yachty),T-Shirt,600.6724481582642
100,No Role Modelz,Jumpman,600.2897300720215
101,Congratulations,Unforgettable,600.2007894515991
102,goosebumps,Bad and Boujee (feat. Lil Uzi Vert),598.8344917297363
103,Congratulations,Location,597.8999176025391
104,goosebumps,pick up the phone,597.6695203781128
105,Slippery (feat. Gucci Mane),Drowning (feat. Kodak Black),597.1416282653809
106,Closer,Let Me Love You,596.5028915405273
107,Wild Thoughts,I'm the One,596.445369720459
108,HUMBLE.,White Iverson,596.2077083587646
109,rockstar,Drowning (feat. Kodak Black),595.6239528656006
110,Tunnel Vision,Bounce Back,595.3294296264648
111,No Problem (feat. Lil Wayne & 2 Chainz),Congratulations,595.045654296875
112,One Dance,Needed Me,594.0033149719238
113,goosebumps,Slippery (feat. Gucci Mane),593.9973735809326
114,One Dance,No Role Modelz,592.5416870117188
115,Magnolia,Congratulations,591.0210990905762
116,Too Good,Controlla,590.8331203460693
117,T-Shirt,Bounce Back,589.7626399993896
118,goosebumps,Drowning (feat. Kodak Black),588.8402252197266
119,Chicken Fried,Knee Deep (feat. Jimmy Buffett),588.3294038772583
120,Slippery (feat. Gucci Mane),Swang,587.3378000259399
121,Roses,Closer,587.3339042663574
122,Bad and Boujee (feat. Lil Uzi Vert),Money Longer,585.2191257476807
123,No Heart,X (feat. Future),582.8567218780518
124,rockstar,Slippery (feat. Gucci Mane),580.4345855712891
125,Sorry,Love Yourself,579.3574047088623
126,One Dance,Broccoli (feat. Lil Yachty),579.1217727661133
127,T-Shirt,Tunnel Vision,575.691312789917
128,You Was Right,Broccoli (feat. Lil Yachty),575.2320222854614
129,Tunnel Vision,Bank Account,572.6446466445923
130,One Dance,Closer,571.788200378418
131,Slippery (feat. Gucci Mane),Tunnel Vision,570.2862739562988
132,Congratulations,Chill Bill,568.0767259597778
133,One Dance,Panda,566.7348804473877
134,You Was Right,X (feat. Future),564.9450616836548
135,Broccoli (feat. Lil Yachty),Bounce Back,564.9102077484131
136,XO TOUR Llif3,Unforgettable,564.6691131591797
137,I'm the One,Mask Off,563.9068794250488
138,One Dance,This Is What You Came For,561.800802230835
139,HUMBLE.,Passionfruit,561.6850891113281
140,Butterfly Effect,Bank Account,560.3118438720703
141,Moves,Congratulations,559.0145235061646
142,HUMBLE.,Unforgettable,557.9097099304199
143,Black Beatles,Bounce Back,555.9833488464355
144,XO TOUR Llif3,1-800-273-8255,555.0784378051758
145,Chill Bill,Bad and Boujee (feat. Lil Uzi Vert),554.548433303833
146,Broccoli (feat. Lil Yachty),Congratulations,554.4668960571289
147,Slippery (feat. Gucci Mane),Bank Account,553.3333778381348
148,Jumpman,Hotline Bling,550.6746673583984
149,You Was Right,Congratulations,550.1679229736328
150,Butterfly Effect,Slippery (feat. Gucci Mane),549.9767971038818
151,One Dance,Starboy,548.6140747070312
152,HUMBLE.,Swang,548.3391380310059
153,Don't Let Me Down,This Is What You Came For,547.916974067688
154,XO TOUR Llif3,T-Shirt,546.8531036376953
155,Mask Off,Drowning (feat. Kodak Black),544.9520950317383
156,HUMBLE.,Magnolia,544.2356204986572
157,Jumpman,Big Rings,543.5213890075684
158,Mask Off,Broccoli (feat. Lil Yachty),543.236141204834
159,Despacito - Remix,Shape of You,543.1562595367432
160,goosebumps,iSpy (feat. Lil Yachty),542.2419853210449
161,One Dance,Jumpman,542.0157051086426
162,Bad and Boujee (feat. Lil Uzi Vert),pick up the phone,541.2824821472168
163,goosebumps,Tunnel Vision,541.2697448730469
164,HUMBLE.,No Problem (feat. Lil Wayne & 2 Chainz),541.1559257507324
165,Swang,Bounce Back,538.9862699508667
166,No Problem (feat. Lil Wayne & 2 Chainz),Bad and Boujee (feat. Lil Uzi Vert),534.878231048584
167,House Party,Body Like A Back Road,534.8554229736328
168,Ride,Stressed Out,534.8498754501343
169,I'm the One,That's What I Like,533.3033218383789
170,Ignition - Remix,Yeah!,532.5579452514648
171,Fake Love,Starboy,531.9917259216309
172,H.O.L.Y.,Body Like A Back Road,531.6183090209961
173,Slide,Unforgettable,530.5591506958008
174,Tunnel Vision,Swang,530.1522741317749
175,Jumpman,Work,529.8786926269531
176,Jumpman,Broccoli (feat. Lil Yachty),529.3482971191406
177,Black Beatles,Bad and Boujee (feat. Lil Uzi Vert),529.2947244644165
178,T-Shirt,Swang,526.4412231445312
179,goosebumps,Swang,525.8997001647949
180,Fake Love,Swang,525.5614013671875
181,HUMBLE.,Chill Bill,523.8516235351562
182,iSpy (feat. Lil Yachty),Tunnel Vision,523.6591968536377
183,Don't Let Me Down,Cold Water (feat. Justin Bieber & MØ),522.3501577377319
184,One Dance,Caroline,518.4236068725586
185,Mask Off,Swang,518.3068370819092
186,Stay (with Alessia Cara),Something Just Like This,517.0154314041138
187,One Dance,Hotline Bling,516.388671875
188,You Was Right,iSpy (feat. Lil Yachty),515.6510162353516
189,No Problem (feat. Lil Wayne & 2 Chainz),Bounce Back,515.372802734375
190,Bounce Back,Drowning (feat. Kodak Black),515.1769638061523
191,Jumpman,2 Phones,514.1430330276489
192,Congratulations,Bank Account,513.5715980529785
193,XO TOUR Llif3,Drowning (feat. Kodak Black),513.5211563110352
194,No Role Modelz,Wet Dreamz,513.4686403274536
195,Starving,Closer,513.3290863037109
196,XO TOUR Llif3,X (feat. Future),513.2770156860352
197,Roses,Don't Let Me Down,511.158769607544
198,No Role Modelz,White Iverson,510.6525421142578
199,goosebumps,Congratulations,510.4754447937012
200,Again,679 (feat. Remy Boyz),510.471079826355
201,Slippery (feat. Gucci Mane),iSpy (feat. Lil Yachty),508.1304130554199
202,Black Beatles,iSpy (feat. Lil Yachty),505.050124168396
203,Pop Style,Broccoli (feat. Lil Yachty),504.076940536499
204,Bank Account,Drowning (feat. Kodak Black),503.96130084991455
205,Tunnel Vision,Bad and Boujee (feat. Lil Uzi Vert),503.820517539978
206,Portland,goosebumps,502.59610176086426
207,Bounce Back,X (feat. Future),502.0587215423584
208,Hotline Bling,679 (feat. Remy Boyz),501.7794628143311
209,One Dance,Controlla,499.3716278076172
210,Mask Off,Rolex,499.2646484375
211,Gold Digger,Yeah!,497.1192531585693
212,Mask Off,Portland,496.1450920104981
213,DNA.,Bad and Boujee (feat. Lil Uzi Vert),496.08033561706543
214,Closer,"CAN'T STOP THE FEELING! (Original Song from DreamWorks Animation's ""TROLLS"")",495.22047996521
215,Work from Home,Don't Let Me Down,495.0160675048828
216,Chill Bill,Bounce Back,494.50814723968506
217,You Was Right,goosebumps,494.2868404388428
218,You Was Right,Bounce Back,493.6282653808594
219,Antidote,Bad and Boujee (feat. Lil Uzi Vert),492.931809425354
220,Jumpman,I Don't Fuck With You,492.6194190979004
221,Butterfly Effect,goosebumps,492.4468116760254
222,House Party,Die A Happy Man,492.0443115234375
223,XO TOUR Llif3,You Was Right,492.041748046875
224,Fake Love,Location,491.9905138015747
225,Magnolia,Butterfly Effect,490.5492248535156
226,"Me, Myself & I",My House,490.47428607940674
227,HUMBLE.,Fake Love,489.5431423187256
228,No Role Modelz,Bounce Back,489.4361686706543
229,H.O.L.Y.,Die A Happy Man,489.0663146972656
230,Magnolia,Mask Off,487.3528881072998
231,Chicken Fried,Toes,486.8870415687561
232,Broccoli (feat. Lil Yachty),Fake Love,485.6865768432617
233,Needed Me,Work,485.30105781555176
234,Play It Again,That's My Kind Of Night,485.05748748779297
235,HUMBLE.,Butterfly Effect,484.9333915710449
236,You Was Right,Bad and Boujee (feat. Lil Uzi Vert),484.0480556488037
237,Closer,This Is What You Came For,483.15837478637695
238,I'm the One,goosebumps,483.0657348632813
239,HUMBLE.,rockstar,481.9974479675293
240,You Was Right,Caroline,481.9145765304565
241,No Problem (feat. Lil Wayne & 2 Chainz),Mask Off,480.111855506897
242,Broccoli (feat. Lil Yachty),Tunnel Vision,479.9305725097656
243,Wild Thoughts,Unforgettable,479.67694759368896
244,Don't Let Me Down,I Took A Pill In Ibiza - Seeb Remix,479.2769165039063
245,rockstar,T-Shirt,478.7057113647461
246,Congratulations,Caroline,477.9693908691406
247,Slippery (feat. Gucci Mane),X (feat. Future),477.4862060546875
248,Cold Water (feat. Justin Bieber & MØ),Let Me Love You,477.29402923583984
249,Caroline,X (feat. Future),476.8978271484375
250,Fake Love,Tunnel Vision,476.5261297225952
251,White Iverson,Low Life,475.7259979248047
252,HUMBLE.,Portland,475.5188608169556
253,iSpy (feat. Lil Yachty),Location,475.4810562133789
254,I'm the One,Bounce Back,475.4640769958496
255,Rolex,Bad and Boujee (feat. Lil Uzi Vert),475.0051879882813
256,HUMBLE.,Moves,474.39996242523193
257,Jumpman,Antidote,474.2637586593628
258,Congratulations,pick up the phone,473.1338310241699
259,HUMBLE.,LOVE. FEAT. ZACARI.,472.9263114929199
260,Broccoli (feat. Lil Yachty),Money Longer,472.687668800354
261,Low (feat T-Pain) - Feat T-Pain Album Version,Yeah!,472.3800172805786
262,goosebumps,Black Beatles,472.31725215911865
263,Panda,Trap Queen,471.2212142944336
264,Chicken Fried,Wagon Wheel,470.74126052856445
265,Shape of You,That's What I Like,470.731201171875
266,HUMBLE.,Gyalchester,470.0792779922485
267,goosebumps,Bounce Back,469.7589111328125
268,Jumpman,Back To Back,468.97163486480713
269,Magnolia,Slippery (feat. Gucci Mane),468.90103340148926
270,iSpy (feat. Lil Yachty),Swang,468.6216735839844
271,Jumpman,White Iverson,468.05294609069824
272,XO TOUR Llif3,Fake Love,467.94785499572754
273,I'm the One,Slippery (feat. Gucci Mane),467.60886669158936
274,XO TOUR Llif3,Portland,467.529182434082
275,Mask Off,Bank Account,467.09969997406006
276,House Party,Break Up In A Small Town,466.1409759521485
277,I'm the One,Location,466.1387367248535
278,One Night,Broccoli (feat. Lil Yachty),465.5005760192871
279,Congratulations,beibs in the trap,464.6805534362793
280,Don't Stop Believin',Sweet Home Alabama,464.6710720062256
281,Often,The Hills,464.2161636352539
282,Panda,Antidote,463.6921577453613
283,One Night,iSpy (feat. Lil Yachty),463.36054515838623
284,Butterfly Effect,Drowning (feat. Kodak Black),462.90724182128906
285,goosebumps,Bank Account,462.6580810546875
286,I'm the One,Bad and Boujee (feat. Lil Uzi Vert),462.5555534362793
287,You Was Right,Mask Off,462.5175876617432
288,Mask Off,Black Beatles,462.4015502929688
289,goosebumps,Fake Love,462.0572385787964
290,Moves,Bounce Back,461.93391036987305
291,Caroline,pick up the phone,461.2179327011109
292,Mask Off,Despacito - Remix,461.2064485549927
293,Rolex,Bounce Back,460.1861343383789
294,No Role Modelz,Bad and Boujee (feat. Lil Uzi Vert),459.7294006347656
295,Shape of You,Stay (with Alessia Cara),459.5146322250366
296,T-Shirt,Die A Happy Man,459.0429611206055
297,You Was Right,One Night,458.0422811508178
298,Ignition - Remix,Gold Digger,456.93212890625
299,One Dance,Let Me Love You,456.59379959106445
300,Panda,679 (feat. Remy Boyz),455.8651399612427
301,Jessie's Girl,Don't Stop Believin',455.7769737243652
302,No Problem (feat. Lil Wayne & 2 Chainz),Money Longer,455.73942947387695
303,Buy U a Drank (Shawty Snappin'),Ignition - Remix,455.1795959472656
304,Mask Off,Look At Me!,453.3211622238159
305,Starboy,Bounce Back,453.1521892547608
306,HUMBLE.,Black Beatles,452.6748237609863
307,I'm the One,Fake Love,452.5827884674072
308,That's What I Like,Stay (with Alessia Cara),452.3334560394287
309,Pop Style,Jumpman,452.2279987335205
310,Black Beatles,Chill Bill,452.00116634368896
311,Ignition - Remix,It Wasn't Me,451.5816307067871
312,Mask Off,Fake Love,451.44493103027344
313,White Iverson,Antidote,451.2997283935547
314,goosebumps,Caroline,451.1746520996094
315,Butterfly Effect,rockstar,451.1276149749756
316,Chicken Fried,Die A Happy Man,450.98526763916016
317,goosebumps,rockstar,450.8868398666382
318,Needed Me,Too Good,450.85083961486816
319,No Problem (feat. Lil Wayne & 2 Chainz),Low Life,450.4110889434815
320,No Role Modelz,Fake Love,450.3530387878418
321,Congratulations,1-800-273-8255,449.9721803665161
322,White Iverson,Caroline,449.284782409668
323,Rolex,Congratulations,448.7834358215332
324,rockstar,Tunnel Vision,448.6298027038574
325,HUMBLE.,LOYALTY. FEAT. RIHANNA.,448.1359720230103
326,HUMBLE.,Bodak Yellow,448.01953125
327,HUMBLE.,X (feat. Future),447.4701690673828
328,XO TOUR Llif3,Rolex,446.945348739624
329,Rolex,Tunnel Vision,446.7221202850342
330,HUMBLE.,1-800-273-8255,446.68822288513184
331,Play It Again,Break Up In A Small Town,446.4373655319214
332,Chill Bill,iSpy (feat. Lil Yachty),446.0952434539795
333,Go Flex,Congratulations,445.7262077331543
334,Exchange,Don't,445.2513771057129
335,No Problem (feat. Lil Wayne & 2 Chainz),goosebumps,444.8660888671875
336,Fake Love,Too Good,444.8630847930908
337,No Role Modelz,Antidote,444.40625
338,Chicken Fried,House Party,443.73678970336914
339,Fake Love,Controlla,443.43875885009766
340,Fake Love,Money Longer,442.8119888305664
341,No Role Modelz,Low Life,442.4338989257813
342,Chicken Fried,Play It Again,442.41172218322754
343,Broccoli (feat. Lil Yachty),X (feat. Future),442.3595485687256
344,Jumpman,"Me, Myself & I",442.2758016586304
345,Panda,Bad and Boujee (feat. Lil Uzi Vert),441.61044216156006
346,No Problem (feat. Lil Wayne & 2 Chainz),X (feat. Future),441.403226852417
347,XO TOUR Llif3,No Heart,440.8618669509888
348,Bad and Boujee (feat. Lil Uzi Vert),Drowning (feat. Kodak Black),440.7017707824707
349,Sweet Child O' Mine,Don't Stop Believin',440.3301315307617
350,One Dance,"Me, Myself & I",439.8745803833008
351,No Role Modelz,G.O.M.D.,439.6495151519776
352,You Was Right,Black Beatles,439.6277713775635
353,Broccoli (feat. Lil Yachty),Closer,438.762508392334
354,Side To Side,Closer,438.7401151657105
355,HUMBLE.,That's What I Like,438.5452880859375
356,XO TOUR Llif3,Money Longer,437.942798614502
357,goosebumps,Low Life,437.9164981842041
358,Closer,Something Just Like This,437.7955026626587
359,Broccoli (feat. Lil Yachty),Come Get Her,436.75938606262207
360,rockstar,1-800-273-8255,436.0694932937622
361,Panda,Low Life,435.9878673553467
362,Play It Again,This Is How We Roll,435.9761924743652
363,Congratulations,Slide,435.7978515625
364,Pop Style,Controlla,435.3521347045898
365,You Was Right,Chill Bill,435.1177978515625
366,DNA.,Bounce Back,434.9355411529541
367,No Problem (feat. Lil Wayne & 2 Chainz),I'm the One,434.7424201965332
368,Slide,Passionfruit,434.0826721191406
369,Sweet Child O' Mine,Bohemian Rhapsody - Remastered 2011,434.0303888320923
370,House Party,Leave The Night On,433.9189376831055
371,Broccoli (feat. Lil Yachty),DNA.,433.9015274047852
372,Break Up In A Small Town,Make You Miss Me,433.7500319480896
373,Rolex,T-Shirt,433.148078918457
374,No Problem (feat. Lil Wayne & 2 Chainz),All Night (feat. Knox Fortune),433.0054512023926
375,Radioactive,Demons,432.804765701294
376,Jumpman,Bad and Boujee (feat. Lil Uzi Vert),432.5434112548828
377,One Night,Congratulations,430.99549865722656
378,One Dance,Cold Water (feat. Justin Bieber & MØ),430.9185848236084
379,Fake Love,T-Shirt,430.8271265029907
380,Portland,T-Shirt,430.44167709350586
381,iSpy (feat. Lil Yachty),pick up the phone,430.4072999954224
382,Play It Again,Die A Happy Man,430.1229419708252
383,No Problem (feat. Lil Wayne & 2 Chainz),T-Shirt,429.9681701660156
384,Starboy,Closer,429.8186492919922
385,Paris,Something Just Like This,429.7177734375
386,goosebumps,X (feat. Future),429.15852069854736
387,No Problem (feat. Lil Wayne & 2 Chainz),Chill Bill,429.08630180358887
388,Both (feat. Drake),Congratulations,428.2172908782959
389,T-Shirt,Bad and Boujee (feat. Lil Uzi Vert),427.8976850509644
390,I'm the One,Stay (with Alessia Cara),427.65869522094727
391,T-Shirt,Bank Account,427.1476993560791
392,Rolex,goosebumps,427.0830268859863
393,One Dance,Low Life,426.94849491119385
394,No Problem (feat. Lil Wayne & 2 Chainz),pick up the phone,426.5419025421143
395,No Problem (feat. Lil Wayne & 2 Chainz),iSpy (feat. Lil Yachty),426.4865264892578
396,I Don't Fuck With You,Congratulations,426.4858074188232
397,No Problem (feat. Lil Wayne & 2 Chainz),DNA.,426.0910606384277
398,Broccoli (feat. Lil Yachty),T-Shirt,425.68720626831055
399,Santeria,What I Got,425.5290985107422
400,Despacito - Remix,That's What I Like,424.6981611251831
401,Magnolia,Bank Account,424.4471073150635
402,Magnolia,goosebumps,423.85054779052734
403,HUMBLE.,Rolex,423.8220052719116
404,Where Are Ü Now (with Justin Bieber),Sorry,423.7799949645996
405,Don't Let Me Down,Gold,423.58653259277344
406,I'm the One,Unforgettable,423.2493524551392
407,Another One Bites The Dust - Remastered 2011,Bohemian Rhapsody - Remastered 2011,423.1082439422608
408,Jumpman,Trap Queen,422.8326644897461
409,Closer,Never Be Like You,422.4051284790039
410,One Night,goosebumps,422.2185821533203
411,Mask Off,Chill Bill,421.18833446502686
412,Tunnel Vision,Passionfruit,421.14512825012207
413,This Is What You Came For,"CAN'T STOP THE FEELING! (Original Song from DreamWorks Animation's ""TROLLS"")",420.8177185058594
414,Portland,Congratulations,420.4947681427002
415,Bodak Yellow,Congratulations,420.188232421875
416,1-800-273-8255,Location,419.9586782455444
417,Roses,Middle,419.7331008911133
418,HUMBLE.,Money Longer,419.2252960205078
419,rockstar,Bad and Boujee (feat. Lil Uzi Vert),418.659815788269
420,Gold Digger,It Wasn't Me,418.362024307251
421,goosebumps,Unforgettable,418.1707172393799
422,My Way (feat. Monty),679 (feat. Remy Boyz),418.07341384887695
423,Caroline,Tunnel Vision,417.69458770751953
424,DNA.,Tunnel Vision,417.6210403442383
425,Despacito - Remix,Stay (with Alessia Cara),417.47000312805176
426,Photograph,Thinking Out Loud,417.20452880859375
427,Mask Off,Location,416.8668022155762
428,goosebumps,Broccoli (feat. Lil Yachty),416.5707550048828
429,Have You Ever Seen The Rain?,Fortunate Son,416.2921714782715
430,HUMBLE.,wokeuplikethis*,416.0177993774414
431,No Role Modelz,No Problem (feat. Lil Wayne & 2 Chainz),415.5522918701172
432,Portland,Slippery (feat. Gucci Mane),415.1588745117188
433,That's What I Like,iSpy (feat. Lil Yachty),415.15158462524414
434,Congratulations,Everyday We Lit (feat. PnB Rock),414.667781829834
435,Fake Love,pick up the phone,414.4426708221436
436,I'm the One,Slide,414.2389583587647
437,Starboy,Black Beatles,414.2000770568848
438,Where Are Ü Now (with Justin Bieber),Lean On (feat. MØ & DJ Snake),414.0147285461426
439,HUMBLE.,4 AM,412.622257232666
440,No Heart,Bad and Boujee (feat. Lil Uzi Vert),412.5435447692871
441,Magnolia,T-Shirt,412.50125885009766
442,One Dance,I Took A Pill In Ibiza - Seeb Remix,412.46936416625977
443,Paris,Closer,411.9253664016724
444,Body Like A Back Road,Die A Happy Man,411.9081764221192
445,Gold Digger,Hey Ya! - Radio Mix / Club Mix,411.60133934021
446,XO TOUR Llif3,wokeuplikethis*,411.584264755249
447,Livin' On A Prayer,Don't Stop Believin',411.57855224609375
448,Bank Account,X (feat. Future),411.201400756836
449,goosebumps,Gassed Up,411.17160511016846
450,HUMBLE.,You Was Right,410.6259002685547
451,Congratulations,Antidote,410.594349861145
452,Mask Off,Money Longer,410.0716152191162
453,No Heart,Bounce Back,409.9211730957031
454,Congratulations,Passionfruit,409.7277221679688
455,HUMBLE.,It's A Vibe,408.818696975708
456,Congratulations,Low Life,408.7720527648926
457,rockstar,Gucci Gang,408.64044857025146
458,Mask Off,X (feat. Future),408.51976776123047
459,HUMBLE.,Both (feat. Drake),408.5192852020264
460,Broccoli (feat. Lil Yachty),Really Really,408.2628049850464
461,goosebumps,1-800-273-8255,408.00819396972656
462,XO TOUR Llif3,Do What I Want,408.0006685256958
463,rockstar,Unforgettable,407.79876136779785
464,White Iverson,Don't,407.65081787109375
465,No Type,Come Get Her,407.4563980102539
466,It Goes Like This,Die A Happy Man,406.9742031097412
467,Chicken Fried,Country Girl (Shake It For Me),406.7669448852539
468,Mask Off,pick up the phone,406.3763236999512
469,Rolex,Swang,405.7301149368286
470,Slippery (feat. Gucci Mane),Get Right Witcha,405.3385539054871
471,Shape of You,Something Just Like This,405.33694076538086
472,Issues,Stay (with Alessia Cara),405.1351709365845
473,You Was Right,Swang,404.85107421875
474,Starboy,Caroline,404.1374454498291
475,Sweet Child O' Mine,Paradise City,403.9924025535584
476,goosebumps,Chill Bill,403.72575759887695
477,Bad and Boujee (feat. Lil Uzi Vert),Controlla,403.72159576416016
478,The Hills,Hotline Bling,403.56848430633545
479,XO TOUR Llif3,It's A Vibe,403.4274501800537
480,Head Over Boots,Die A Happy Man,403.40731620788574
481,Magnolia,DNA.,403.3312139511109
482,Broccoli (feat. Lil Yachty),Antidote,403.31696128845215
483,DNA.,Slippery (feat. Gucci Mane),403.3070583343506
484,This Could Be Us,Come Get Her,403.1136779785156
485,Tunnel Vision,Drowning (feat. Kodak Black),402.8011741638184
486,Broccoli (feat. Lil Yachty),Jordan Belfort,402.53799533844
487,Swang,X (feat. Future),401.47119426727295
488,Caroline,Low Life,401.4288139343262
489,Butterfly Effect,iSpy (feat. Lil Yachty),401.1997985839844
490,Roses,Stressed Out,400.9692258834839
491,Jumpman,Right Hand,400.6740264892578
492,Broccoli (feat. Lil Yachty),Trap Queen,400.5926971435547
493,Butterfly Effect,T-Shirt,400.52503395080566
494,DNA.,T-Shirt,399.1465587615967
495,This Is What You Came For,Middle,398.8690938949585
496,Chicken Fried,That's My Kind Of Night,398.39108657836914
497,HUMBLE.,Slide,398.2826385498047
498,OOOUUU,Bad and Boujee (feat. Lil Uzi Vert),398.2714920043945
499,Lose Yourself - Soundtrack Version,'Till I Collapse,398.1745796203613
500,goosebumps,beibs in the trap,398.0432071685791
501,Broccoli (feat. Lil Yachty),Needed Me,397.7971801757813
502,Congratulations,Young Dumb & Broke,397.6629695892334
503,XO TOUR Llif3,Bodak Yellow,397.4750890731812
504,That's My Kind Of Night,Country Girl (Shake It For Me),397.29827976226807
505,Closer,Stay (with Alessia Cara),397.2223749160767
506,Magnolia,Drowning (feat. Kodak Black),397.0422801971436
507,Bounce Back,pick up the phone,396.97845363616943
508,Fake Love,Slippery (feat. Gucci Mane),395.74350357055664
509,House Party,Play It Again,395.6091365814209
510,HUMBLE.,ELEMENT.,395.6034412384033
511,Low (feat T-Pain) - Feat T-Pain Album Version,Gold Digger,394.8937788009644
512,No Problem (feat. Lil Wayne & 2 Chainz),Angels (feat. Saba),394.5768356323242
513,You Was Right,Erase Your Social,394.44838285446167
514,Only,I Don't Fuck With You,394.2087593078613
515,Unforgettable,Slippery (feat. Gucci Mane),393.97104835510254
516,F*ck Up Some Commas,Where Ya At,393.7830276489258
517,Mask Off,Moves,393.7322359085083
518,Piano Man,Tiny Dancer,393.5230379104614
519,Congratulations,Money Longer,393.1827239990234
520,House Party,Take Your Time,392.9079179763794
521,Gold Digger,Ni**as In Paris,392.8389778137207
522,Money Longer,pick up the phone,392.5657424926758
523,Slide,Location,392.20372581481934
524,Slippery (feat. Gucci Mane),Money Longer,392.15457916259766
525,Gold Digger,Stronger,392.1339721679688
526,Fake Love,X (feat. Future),392.12109375
527,Caroline,Come Get Her,391.9477043151856
528,Pop Style,Too Good,391.7519884109497
529,Jumpman,Low Life,391.2173500061035
530,Starving,Cold Water (feat. Justin Bieber & MØ),391.1603193283081
531,One Dance,Middle,390.9341716766357
532,Moves,Bad and Boujee (feat. Lil Uzi Vert),390.9294023513794
533,One Dance,Fake Love,390.7429161071777
534,Californication,Snow (Hey Oh) - Hey Oh Album Version,390.1064009666443
535,HUMBLE.,V. 3005,390.0590896606445
536,No Role Modelz,Congratulations,390.02935791015625
537,Both (feat. Drake),T-Shirt,389.32122230529785
538,Too Good,Work,388.9251365661621
539,Chicken Fried,Springsteen,388.90352725982666
540,No Problem (feat. Lil Wayne & 2 Chainz),One Night,388.553150177002
541,1-800-273-8255,Young Dumb & Broke,388.4716358184815
542,One Dance,Work from Home,388.4485902786255
543,Needed Me,Controlla,388.4163093566895
544,Black Beatles,X (feat. Future),388.30228900909424
545,Rolex,Slippery (feat. Gucci Mane),387.9285564422608
546,Body Like A Back Road,Hurricane,387.8007736206055
547,Bounce Back,Money Longer,387.6660633087158
548,Chicken Fried,Body Like A Back Road,387.6189880371094
549,HUMBLE.,Jumpman,387.3189182281494
550,HUMBLE.,Wild Thoughts,387.09258556365967
551,Bodak Yellow,Bank Account,385.9745788574219
552,679 (feat. Remy Boyz),Antidote,385.474609375
553,HUMBLE.,Starboy,385.0334014892578
554,One Night,Bounce Back,384.9531812667847
555,Moves,iSpy (feat. Lil Yachty),384.9374198913574
556,Wet Dreamz,G.O.M.D.,384.82735538482666
557,Don't Let Me Down,Needed Me,384.5477142333984
558,Money Longer,X (feat. Future),384.5174865722656
559,You Was Right,pick up the phone,384.5132446289063
560,I'm the One,Redbone,384.32906341552734
561,Sweet Child O' Mine,Sweet Home Alabama,383.7484760284424
562,Needed Me,Cold Water (feat. Justin Bieber & MØ),383.69954109191895
563,Ignition - Remix,Kiss Me Thru The Phone,383.5867137908936
564,HUMBLE.,Look At Me!,383.5003423690796
565,Drowning (feat. Kodak Black),X (feat. Future),383.2445335388184
566,Redbone,Congratulations,383.2261028289795
567,Wagon Wheel,Cruise,383.01957607269287
568,Sorry,Work,382.8775024414063
569,Shape of You,Closer,382.3205585479736
570,XO TOUR Llif3,Location,382.24734115600586
571,Ignition - Remix,Hey Ya! - Radio Mix / Club Mix,381.9350090026856
572,Play It Again,Cruise,381.9247131347656
573,4 AM,Bank Account,381.6726293563843
574,What Do You Mean?,Love Yourself,381.139627456665
575,Caroline,T-Shirt,381.0706186294556
576,I Don't Dance,Die A Happy Man,380.9396266937256
577,Crash And Burn,Body Like A Back Road,380.81375217437744
578,Bank Account,Bounce Back,380.71206283569336
579,House Party,This Is How We Roll,380.5972957611084
580,In the Name of Love,Closer,380.1861734390259
581,Antidote,Come Get Her,380.1294784545898
582,Bodak Yellow,rockstar,379.5739631652832
583,rockstar,I Get The Bag (feat. Migos),379.4776134490967
584,Jumpman,Where Ya At,379.3390970230103
585,No Hands (feat. Roscoe Dash and Wale) - Explicit Album Version,Bad and Boujee (feat. Lil Uzi Vert),379.1289978027344
586,Sorry,I Took A Pill In Ibiza - Seeb Remix,378.94994163513184
587,Too Good,Caroline,378.91200828552246
588,Swang,pick up the phone,378.88447284698486
589,I Feel It Coming,Starboy,378.6347351074219
590,Don't Let Me Down,Middle,378.5447216033936
591,T-Shirt,Get Right Witcha,378.4501075744629
592,HUMBLE.,Get Right Witcha,378.4244842529297
593,Sweet Child O' Mine,Carry on Wayward Son,377.8208203315735
594,Congratulations,X (feat. Future),377.70568656921387
595,Only,Broccoli (feat. Lil Yachty),377.1529130935669
596,Moves,T-Shirt,376.62612533569336
597,2 Phones,Really Really,376.5086030960083
598,One Dance,Roses,376.21017265319824
599,Low Life,Bounce Back,376.1675834655762
600,Chill Bill,X (feat. Future),376.166633605957
601,XO TOUR Llif3,Passionfruit,375.8351707458496
602,That's What I Like,It Ain't Me (with Selena Gomez),375.6448030471802
603,One Dance,Never Be Like You,375.4805603027344
604,Gyalchester,Slippery (feat. Gucci Mane),375.3748083114624
605,I'm the One,Caroline,375.1087551116944
606,Mask Off,White Iverson,374.86939430236816
607,Congratulations,Deja Vu,374.75927352905273
608,Leave The Night On,Body Like A Back Road,374.75496673583984
609,Butterfly Effect,Location,374.5348834991455
610,No Problem (feat. Lil Wayne & 2 Chainz),Jumpman,374.2702331542969
611,Heathens,Closer,374.1983613967896
612,Panda,Caroline,373.6939086914063
613,Again,My Way (feat. Monty),373.6856803894043
614,OOOUUU,X (feat. Future),373.4555950164795
615,Broccoli (feat. Lil Yachty),For Free,373.4349431991577
616,goosebumps,Antidote,373.2219467163086
617,No Type,679 (feat. Remy Boyz),373.1584434509277
618,No Problem (feat. Lil Wayne & 2 Chainz),Come Get Her,373.14083194732666
619,Hurricane,Die A Happy Man,372.9766330718994
620,Congratulations,Water,372.8355350494385
621,White Iverson,Congratulations,372.7805938720703
622,Roses,This Is What You Came For,372.484016418457
623,Broccoli (feat. Lil Yachty),Moves,372.3924865722656
624,Caroline,Money Longer,372.3295364379883
625,Trap Queen,The Hills,372.2671709060669
626,T-Shirt,Crash And Burn,372.2373580932617
627,Bitch Better Have My Money,Trap Queen,372.2319841384888
628,No Type,Bad and Boujee (feat. Lil Uzi Vert),372.12199211120605
629,Die A Happy Man,Star Of The Show,372.0596451759338
630,Promiscuous,Yeah!,371.8779754638672
631,H.O.L.Y.,T-Shirt,371.8772964477539
632,Hot In Herre,Yeah!,371.6865177154541
633,Moves,Tunnel Vision,371.540641784668
634,Too Many Years,Tunnel Vision,371.4381275177002
635,One Dance,Don't Mind,371.3551330566406
636,X (feat. Future),pick up the phone,371.0247745513916
637,No Role Modelz,"Me, Myself & I",370.86963272094727
638,Magnolia,Bounce Back,370.8273124694824
639,No Problem (feat. Lil Wayne & 2 Chainz),Panda,370.58634757995605
640,H.O.L.Y.,Make You Miss Me,370.5336093902588
641,iSpy (feat. Lil Yachty),Passionfruit,370.3068323135376
642,Panda,iSpy (feat. Lil Yachty),369.8652877807617
643,Play It Again,Wagon Wheel,369.7359123229981
644,House Party,Crash And Burn,369.3755421638489
645,Location,Saved,368.4748392105103
646,Jumpman,Again,368.3666229248047
647,Unforgettable,Bounce Back,368.2183895111084
648,Young Dumb & Broke,Bank Account,367.9892292022705
649,Cheap Thrills,Don't Let Me Down,367.9359197616577
650,No Problem (feat. Lil Wayne & 2 Chainz),Fake Love,367.9281921386719
651,Come Get Her,Bounce Back,367.752182006836
652,Mask Off,Unforgettable,367.7097158432007
653,Rake It Up,Slippery (feat. Gucci Mane),367.6919803619385
654,Springsteen,Die A Happy Man,367.3539352416992
655,iSpy (feat. Lil Yachty),Drowning (feat. Kodak Black),367.294921875
656,Closer,I Took A Pill In Ibiza - Seeb Remix,367.1339263916016
657,Play It Again,Drunk On A Plane,367.0948266983032
658,Broccoli (feat. Lil Yachty),The Hills,367.08228302001953
659,Break Up In A Small Town,Take Your Time,367.0722723007202
660,Portland,Gyalchester,367.0206909179688
661,Butterfly Effect,Mask Off,366.9620742797852
662,One Dance,"CAN'T STOP THE FEELING! (Original Song from DreamWorks Animation's ""TROLLS"")",366.8391227722168
663,Location,Bounce Back,366.8068046569824
664,One Night,Money Longer,366.7723083496094
665,Brown Eyed Girl,Sweet Home Alabama,366.7446594238281
666,Magnolia,rockstar,366.7154483795166
667,Back To Back,Broccoli (feat. Lil Yachty),366.6418228149414
668,No Problem (feat. Lil Wayne & 2 Chainz),Slippery (feat. Gucci Mane),366.567120552063
669,Closer,That's What I Like,366.4418821334839
670,Bodak Yellow,Rake It Up,366.4020767211914
671,Sweet Child O' Mine,Another One Bites The Dust - Remastered 2011,366.2860794067383
672,Ignition - Remix,BedRock,366.0707206726074
673,All The Small Things,What's My Age Again?,365.95168685913086
674,Closer,It Ain't Me (with Selena Gomez),365.78981590271
675,One Dance,Exchange,365.5211067199707
676,Knee Deep (feat. Jimmy Buffett),Toes,365.46615982055664
677,goosebumps,Both (feat. Drake),365.4620151519776
678,T-Shirt,Drowning (feat. Kodak Black),365.3340492248535
679,OOOUUU,Bounce Back,365.2982940673828
680,Both (feat. Drake),Bad and Boujee (feat. Lil Uzi Vert),365.27358055114746
681,Caroline,Swang,365.2502546310425
682,Rocket Man (I Think It's Going To Be A Long Long Time),Tiny Dancer,365.212610244751
683,No Role Modelz,679 (feat. Remy Boyz),365.1275272369385
684,1-800-273-8255,Bank Account,364.8736267089844
685,You Was Right,Low Life,364.7018280029297
686,Sweet Child O' Mine,Welcome To The Jungle,364.5498857498169
687,One Night,Bad and Boujee (feat. Lil Uzi Vert),363.9360904693604
688,You Was Right,Bank Account,363.86694717407227
689,Antidote,Bounce Back,363.850284576416
690,Slide,Rollin,363.8353099822998
691,In Da Club,Gold Digger,363.8225326538086
692,Jumpman,Fake Love,363.6537551879883
693,No Type,iSpy (feat. Lil Yachty),363.6104850769043
694,Starboy,Chill Bill,363.4898681640625
695,No Role Modelz,Back To Back,363.4148788452149
696,I'm the One,DNA.,363.395435333252
697,Rake It Up,Caroline,363.3527240753174
698,Take Your Time,Make You Miss Me,363.28174114227295
699,T-Shirt,pick up the phone,363.2444248199463
700,The Hills,679 (feat. Remy Boyz),362.80347061157227
701,Famous,Caroline,362.7348318099976
702,Play It Again,Springsteen,362.67051696777344
703,Radioactive,Counting Stars,362.2087860107422
704,Magnolia,Unforgettable,362.04914474487305
705,IV. sweatpants,V. 3005,362.0412893295288
706,Dream On,Welcome To The Jungle,361.8608994483948
707,One Dance,Never Forget You,361.7387809753418
708,Butterfly Effect,Congratulations,361.17183780670166
709,Broccoli (feat. Lil Yachty),Too Good,361.0636281967163
710,White Iverson,Bad and Boujee (feat. Lil Uzi Vert),360.93421459198
711,Trap Queen,Come Get Her,360.90468406677246
712,Despacito - Remix,Location,360.888503074646
713,I'm the One,Something Just Like This,360.7621726989746
714,Magnolia,Bad and Boujee (feat. Lil Uzi Vert),360.75960063934326
715,XO TOUR Llif3,Erase Your Social,360.4814758300781
716,Don't Stop Believin',Bohemian Rhapsody - Remastered 2011,360.4069290161133
717,One Night,Caroline,360.12073516845703
718,What They Want,Caroline,360.0715856552124
719,White Iverson,Uber Everywhere,360.0499963760376
720,Closer,Needed Me,360.02978515625
721,Low Life,X (feat. Future),360.0207109451294
722,Panda,Black Beatles,359.5930652618408
723,Rolex,Fake Love,359.4175109863281
724,Redbone,iSpy (feat. Lil Yachty),359.1829414367676
725,HUMBLE.,No Role Modelz,359.15449714660645
726,Unforgettable,Location,359.0813636779785
727,Mask Off,Both (feat. Drake),358.9983558654785
728,Ignition - Remix,Hot In Herre,358.95753479003906
729,Mask Off,rockstar,358.65457916259766
730,Energy,Know Yourself,358.64267921447754
731,In Da Club,Yeah!,358.5048637390137
732,No Problem (feat. Lil Wayne & 2 Chainz),All We Got (feat. Kanye West & Chicago Children's Choir),358.06207752227783
733,I'm the One,1-800-273-8255,357.90161323547363
734,No Role Modelz,Black Beatles,357.8921127319336
735,Trap Queen,My Way (feat. Monty),357.8277587890625
736,Jumpman,My Way (feat. Monty),357.82347679138184
737,One Dance,For Free,357.7021961212158
738,XO TOUR Llif3,Wild Thoughts,357.6828365325928
739,Closer,Don't Wanna Know (feat. Kendrick Lamar),357.5430603027344
740,Young Dumb & Broke,Location,357.3926601409912
741,Piano Man,Rocket Man (I Think It's Going To Be A Long Long Time),357.35778188705444
742,No Role Modelz,Where Ya At,357.2589454650879
743,House Party,Make You Miss Me,357.25693798065186
744,m.A.A.d city,Backseat Freestyle,357.24357986450195
745,No Type,Bounce Back,357.0063285827637
746,Bad and Boujee (feat. Lil Uzi Vert),Come Get Her,356.886757850647
747,Bad and Boujee (feat. Lil Uzi Vert),Bank Account,356.7236108779907
748,Break Up In A Small Town,Die A Happy Man,356.642765045166
749,DNA.,ELEMENT.,356.57076358795166
750,Lean On (feat. MØ & DJ Snake),Can't Feel My Face,356.3063144683838
751,That's My Kind Of Night,This Is How We Roll,356.2444152832031
752,Magnolia,Tunnel Vision,356.0649251937866
753,No Role Modelz,Ni**as In Paris,356.0127410888672
754,Portland,Bank Account,355.8238582611084
755,Despacito - Remix,Closer,355.5763092041016
756,Livin' On A Prayer,You Give Love A Bad Name,355.2400932312012
757,One Dance,oui,355.23339080810547
758,Broccoli (feat. Lil Yachty),Low Life,355.19693660736084
759,What Do You Mean?,Where Are Ü Now (with Justin Bieber),354.9782066345215
760,No Type,Throw Sum Mo,354.9579620361328
761,Broccoli (feat. Lil Yachty),pick up the phone,354.86977100372314
762,Needed Me,Low Life,354.8201904296875
763,Body Like A Back Road,In Case You Didn't Know,354.8067855834961
764,No Hands (feat. Roscoe Dash and Wale) - Explicit Album Version,Come Get Her,354.7126750946045
765,I Get The Bag (feat. Migos),Bank Account,354.67810821533203
766,Make You Miss Me,Die A Happy Man,354.64873123168945
767,Broccoli (feat. Lil Yachty),I Don't Fuck With You,354.4764938354492
768,Paris,Stay (with Alessia Cara),354.3937339782715
769,Money Longer,Drowning (feat. Kodak Black),354.3292713165283
770,Mask Off,Redbone,353.8733367919922
771,Cold Water (feat. Justin Bieber & MØ),Never Be Like You,353.70946884155273
772,XO TOUR Llif3,No Problem (feat. Lil Wayne & 2 Chainz),353.18000411987305
773,Rolex,Broccoli (feat. Lil Yachty),353.1477670669556
774,Treat You Better,Cold Water (feat. Justin Bieber & MØ),352.75715255737305
775,Broccoli (feat. Lil Yachty),Cut It (feat. Young Dolph),352.5201358795166
776,Die A Happy Man,Confession,352.32440185546875
777,Play It Again,Take Your Time,352.1019244194031
778,XO TOUR Llif3,Chill Bill,352.0848512649536
779,XO TOUR Llif3,Rake It Up,351.9633388519287
780,Pop Style,Energy,351.92724990844727
781,Jumpman,No Hands (feat. Roscoe Dash and Wale) - Explicit Album Version,351.74327659606934
782,Trap Queen,Hotline Bling,351.6174144744873
783,I Took A Pill In Ibiza - Seeb Remix,Never Be Like You,351.58761978149414
784,Swang,Money Longer,351.33008003234863
785,One Dance,Summer Sixteen,351.3287916183472
786,That's My Kind Of Night,Die A Happy Man,351.2947940826416
787,XO TOUR Llif3,Young Dumb & Broke,351.2584686279297
788,Play It Again,H.O.L.Y.,351.14994049072266
789,Fake Love,Uber Everywhere,351.00816535949707
790,Hotline Bling,Antidote,350.9828977584839
791,Pop Style,Fake Love,350.9723281860352
792,Jumpman,Controlla,350.84183502197266
793,Jumpman,F*ck Up Some Commas,350.8216247558594
794,Cruise,Springsteen,350.6536388397217
795,rockstar,iSpy (feat. Lil Yachty),350.6432876586914
796,One Dance,Don't,350.6093778610229
797,Unforgettable,Bank Account,350.5891704559326
798,Panda,Come Get Her,350.5686855316162
799,I'm the One,Passionfruit,350.5126705169678
800,goosebumps,Redbone,350.50838470458984
801,Low Life,Money Longer,350.4371643066406
802,I Don't Fuck With You,679 (feat. Remy Boyz),350.3446273803711
803,Crash And Burn,Die A Happy Man,350.3324909210205
804,That's My Kind Of Night,Barefoot Blue Jean Night,350.3093242645264
805,XO TOUR Llif3,Look At Me!,349.9200916290283
806,Yeah!,Hey Ya! - Radio Mix / Club Mix,349.916748046875
807,Hotel California - Remastered,Piano Man,349.8649215698242
808,Rake It Up,Congratulations,349.8469982147217
809,Fake Love,Chill Bill,349.6705627441406
810,Tunnel Vision,X (feat. Future),349.6347255706787
811,goosebumps,No Heart,349.345739364624
812,Portland,Drowning (feat. Kodak Black),349.086332321167
813,Gassed Up,Bounce Back,349.01899909973145
814,"Flex (Ooh, Ooh, Ooh)",Come Get Her,348.9953680038452
815,White Iverson,Come Get Her,348.81249618530273
816,Take Your Time,Die A Happy Man,348.7233352661133
817,Rolex,Bank Account,348.6384859085083
818,Rolex,iSpy (feat. Lil Yachty),348.51974964141846
819,I Don't Fuck With You,Come Get Her,348.38982582092285
820,In the Name of Love,Cold Water (feat. Justin Bieber & MØ),348.36261558532715
821,Mask Off,Low Life,348.3374557495117
822,The Motto,I Don't Fuck With You,348.24047088623047
823,Under The Bridge,Californication,348.1396484375
824,Play It Again,Body Like A Back Road,347.94158935546875
825,Gold Digger,Crank That (Soulja Boy),347.8359651565552
826,Paris,Shape of You,347.7332639694214
827,No Problem (feat. Lil Wayne & 2 Chainz),Swang,347.72439193725586
828,Butterfly Effect,DNA.,347.3840637207031
829,One Dance,No Problem (feat. Lil Wayne & 2 Chainz),347.3115692138672
830,No Flockin,Tunnel Vision,347.08244800567627
831,Cruise,Get Your Shine On,346.90277576446533
832,Stay (with Alessia Cara),It Ain't Me (with Selena Gomez),346.8726511001587
833,Cold Water (feat. Justin Bieber & MØ),Gold,346.823468208313
834,Ignition - Remix,Hollaback Girl,346.6355600357056
835,Buy U a Drank (Shawty Snappin'),Gold Digger,346.62077808380127
836,Jumpman,Down In the DM,346.43371391296387
837,No Role Modelz,Money Longer,346.24309158325195
838,Juke Jam (feat. Justin Bieber & Towkio),Same Drugs,346.1194787025452
839,Don't Let Me Down,Let Me Love You,346.0923538208008
840,I Gotta Feeling,Yeah!,346.0598430633545
841,Crash And Burn,Break Up with Him,345.8909435272217
842,You Know You Like It,Lean On (feat. MØ & DJ Snake),345.80780601501465
843,Drop It Like It's Hot,Yeah!,345.64759063720703
844,Caroline,Antidote,345.61573791503906
845,Mr. Brightside,Somebody Told Me,345.61110496521
846,HUMBLE.,Young Dumb & Broke,345.48333168029785
847,XO TOUR Llif3,Moves,345.3369169235229
848,No Problem (feat. Lil Wayne & 2 Chainz),Famous,345.3296766281128
849,No Role Modelz,DNA.,345.2992858886719
850,Jumpman,T-Shirt,345.29053115844727
851,Ain't No Mountain High Enough,My Girl,345.1808910369873
852,Butterfly Effect,Bounce Back,344.6738166809082
853,Exchange,oui,344.6520881652832
854,Stay With Me,Thinking Out Loud,344.6248970031738
855,Never Be Like You,Middle,344.33879947662354
856,Chill Bill,Money Longer,344.27831172943115
857,Broccoli (feat. Lil Yachty),Controlla,344.2594299316406
858,Congratulations,Gyalchester,344.099609375
859,Antidote,Low Life,343.93072509765625
860,Don't Let Me Down,Ride,343.9021797180176
861,You Was Right,OOOUUU,343.74729347229004
862,T-Shirt,X (feat. Future),343.68035888671875
863,Santeria,Under The Bridge,343.5195550918579
864,Cruise,This Is How We Roll,343.4691925048828
865,Famous,Congratulations,343.4247169494629
866,Closer,All We Know,343.2961006164551
867,Cold Water (feat. Justin Bieber & MØ),This Is What You Came For,343.2820701599121
868,m.A.A.d city,Ni**as In Paris,343.2070541381836
869,Don't Let Me Down,Capsize,343.1809787750244
870,DNA.,Caroline,343.1344919204712
871,Jumpman,"Flex (Ooh, Ooh, Ooh)",342.95605659484863
872,Wagon Wheel,Knee Deep (feat. Jimmy Buffett),342.88894987106323
873,Closer,Say You Won't Let Go,342.6292304992676
874,Clique,F**kin' Problems,342.5664653778076
875,Jumpman,679 (feat. Remy Boyz),342.55709648132324
876,Piano Man,American Pie,342.55287647247314
877,Springsteen,Dirt Road Anthem,342.4030680656433
878,Don't Let Me Down,Sorry,342.3652648925781
879,Do What I Want,Money Longer,342.2738075256348
880,One Dance,Cake By The Ocean,342.2398376464844
881,DNA.,rockstar,341.5601863861084
882,"Flex (Ooh, Ooh, Ooh)",F*ck Up Some Commas,341.5103530883789
883,May We All,Die A Happy Man,341.3446521759033
884,White Iverson,"Me, Myself & I",341.3397102355957
885,HUMBLE.,pick up the phone,341.2604513168335
886,One Night,Black Beatles,341.2008056640625
887,Crank That (Soulja Boy),Yeah!,341.1197757720947
888,HeadBand (feat. 2 Chainz),No Hands (feat. Roscoe Dash and Wale) - Explicit Album Version,341.0876884460449
889,iSpy (feat. Lil Yachty),X (feat. Future),340.8974323272705
890,Sweet Child O' Mine,Livin' On A Prayer,340.7127151489258
891,No Problem (feat. Lil Wayne & 2 Chainz),For Free,340.6881103515625
892,Leave The Night On,Take Your Time,340.64698791503906
893,Hollaback Girl,Gold Digger,340.598876953125
894,White Iverson,Ni**as In Paris,340.26832580566406
895,Heathens,"Sucker For Pain (with Wiz Khalifa, Imagine Dragons, Logic & Ty Dolla $ign feat. X Ambassadors)",340.1367301940918
896,Rake It Up,Bank Account,340.02051639556885
897,Rolex,Caroline,339.9850845336914
898,Never Be Like You,Gold,339.9798974990845
899,Body Like A Back Road,Snapback,339.8612985610962
900,I'm the One,Young Dumb & Broke,339.7248764038086
901,Shape of You,Say You Won't Let Go,339.5377149581909
902,Congratulations,Gassed Up,339.3471565246582
903,Back In Black,Thunderstruck,339.2968282699585
904,Hotline Bling,Can't Feel My Face,339.2890739440918
905,I'm the One,Tunnel Vision,339.1411647796631
906,Paris,It Ain't Me (with Selena Gomez),338.90220069885254
907,Broccoli (feat. Lil Yachty),That's What I Like,338.8685703277588
908,No Role Modelz,Hotline Bling,338.6293716430664
909,Mask Off,Water,338.616156578064
910,Antidote,T-Shirt,338.58067512512207
911,Black Beatles,T-Shirt,338.4843921661377
912,I'm the One,Strip That Down,338.37890625
913,Cruise,Country Girl (Shake It For Me),338.3215341567993
914,One Dance,My House,338.2843246459961
915,T-Shirt,Snapback,338.24734115600586
916,One Dance,Bad and Boujee (feat. Lil Uzi Vert),338.01038360595703
917,HUMBLE.,No Heart,337.46863746643066
918,Back In Black,Highway to Hell,337.3780574798584
919,H.O.L.Y.,Somewhere On A Beach,337.3739318847656
920,You Was Right,Fake Love,337.34459686279297
921,Leave The Night On,That's My Kind Of Night,337.2929372787476
922,XO TOUR Llif3,One Night,337.20489978790283
923,Back To Back,Panda,337.05425357818604
924,Butterfly Effect,4 AM,336.83226013183594
925,I'm the One,Shape of You,336.7759189605713
926,Ignition - Remix,Low (feat T-Pain) - Feat T-Pain Album Version,336.72095012664795
927,Get Your Shine On,Round Here,336.6726427078247
928,Mask Off,One Night,336.53051376342773
929,Low Life,Bad and Boujee (feat. Lil Uzi Vert),336.51024627685547
930,Black Beatles,Swang,336.4480209350586
931,Mask Off,Antidote,336.4330053329468
932,Riptide,Take Me To Church,336.2696189880371
933,XO TOUR Llif3,Redbone,336.2420082092285
934,Welcome To The Jungle,Paradise City,336.2095642089844
935,Magnolia,Swang,336.06961250305176
936,Slide,It Ain't Me (with Selena Gomez),335.9879493713379
937,beibs in the trap,Slippery (feat. Gucci Mane),335.8953981399536
938,One Dance,Bounce Back,335.86180114746094
939,No Role Modelz,Caroline,335.7667541503906
940,DNA.,Bank Account,335.74250411987305
941,Location,Bad and Boujee (feat. Lil Uzi Vert),335.59398651123047
942,Play It Again,Homegrown,335.56228256225586
943,Don't Let Me Down,My House,335.50437927246094
944,XO TOUR Llif3,Gyalchester,335.36304092407227
945,That's My Kind Of Night,It Goes Like This,335.24106311798096
946,Congratulations,Deja Vu,335.16389751434326
947,XO TOUR Llif3,LOVE. FEAT. ZACARI.,335.0592575073242
948,It's A Vibe,rockstar,335.042950630188
949,Magnolia,Portland,335.03246116638184
950,Jumpman,Really Really,335.0165910720825
951,"I Don’t Wanna Live Forever (Fifty Shades Darker) - From ""Fifty Shades Darker (Original Motion Picture Soundtrack)""",Shape of You,334.9403686523437
952,Don't Let Me Down,Light It Up (feat. Nyla & Fuse ODG) - Remix,334.9308261871338
953,Butterfly Effect,Swang,334.67945861816406
954,Jumpman,Black Beatles,334.649697303772
955,XO TOUR Llif3,Get Right Witcha,334.601170539856
956,Chicken Fried,Barefoot Blue Jean Night,334.46630859375
957,American Pie,Sweet Home Alabama,334.3907165527344
958,Rolex,Black Beatles,334.3464365005493
959,Too Good,This Is What You Came For,334.2124605178833
960,Butterfly Effect,It's A Vibe,334.136305809021
961,No Role Modelz,V. 3005,334.086012840271
962,Sweet Child O' Mine,Dream On,333.9825258255005
963,Pop Style,Bad and Boujee (feat. Lil Uzi Vert),333.9677495956421
964,House Party,Wagon Wheel,333.7973566055298
965,You Was Right,Come Get Her,333.6972427368164
966,Butterfly Effect,Portland,333.64658546447754
967,Back To Back,Big Rings,333.538122177124
968,That's My Kind Of Night,Crash My Party,333.4692282676697
969,You Was Right,Tunnel Vision,333.3466491699219
970,No Type,Jumpman,333.3375120162964
971,Hotel California - Remastered,Dream On,333.2779264450073
972,DNA.,Antidote,333.2136583328247
973,No Role Modelz,Don't,333.21335315704346
974,Despacito - Remix,Unforgettable,333.1981658935547
975,Free Bird,Sweet Home Alabama,333.1105089187622
976,Cheap Thrills,Closer,333.0894432067871
977,Believer,Thunder,333.0366325378418
978,No Heart,Caroline,333.0204391479492
979,Jumpman,Ni**as In Paris,332.8923921585083
980,rockstar,Swang,332.65318393707275
981,Fake Love,That's What I Like,332.5674591064453
982,Don't Let Me Down,"CAN'T STOP THE FEELING! (Original Song from DreamWorks Animation's ""TROLLS"")",332.4796257019043
983,Fake Love,Don't,332.3955898284912
984,Hotel California - Remastered,Bohemian Rhapsody - Remastered 2011,332.39036750793457
985,Have You Ever Seen The Rain?,Sweet Home Alabama,332.38306045532227
986,goosebumps,Money Longer,332.32276153564453
987,Bodak Yellow,iSpy (feat. Lil Yachty),332.29078102111816
988,One Dance,Cheap Thrills,332.14871883392334
989,Starboy,The Hills,331.9380569458008
990,Gyalchester,Bank Account,331.8855400085449
991,XO TOUR Llif3,pick up the phone,331.879545211792
992,Sorry,My House,331.7561912536621
993,Hotel California - Remastered,Have You Ever Seen The Rain?,331.7013931274414
994,"Flex (Ooh, Ooh, Ooh)",Antidote,331.6530590057373
995,Chicken Fried,American Kids,331.5424270629883
996,XO TOUR Llif3,ELEMENT.,331.38069248199463
997,No Problem (feat. Lil Wayne & 2 Chainz),Tunnel Vision,331.37688636779785
998,Fake Love,DNA.,331.2037124633789
999,Portland,DNA.,330.9073791503906
